{
    "cei": {
        "mean_raw": [
            4428.658169004346,
            4428.658169004346,
            4414.358881781369,
            4414.358881781369,
            4427.564815869727,
            4427.564815869727,
            4447.883869027568,
            4447.883869027568,
            4447.883869027568,
            4447.883869027568,
            4447.883869027568,
            4447.883869027568,
            4447.883869027568,
            4447.883869027568,
            4447.883869027568,
            4447.883869027568,
            4447.883869027568,
            4447.883869027568,
            4447.883869027568,
            4447.883869027568,
            4447.883869027568,
            4447.883869027568,
            4447.883869027568,
            4447.883869027568,
            4447.883869027568,
            4447.883869027568,
            4447.883869027568,
            4447.883869027568,
            4447.883869027568,
            4447.883869027568
        ],
        "std_raw": [
            29.508597966118888,
            29.508597966118888,
            25.255832579304556,
            25.255832579304556,
            28.735480550398396,
            28.735480550398396,
            0.0,
            0.0,
            0.0,
            0.0,
            0.0,
            0.0,
            0.0,
            0.0,
            0.0,
            0.0,
            0.0,
            0.0,
            0.0,
            0.0,
            0.0,
            0.0,
            0.0,
            0.0,
            0.0,
            0.0,
            0.0,
            0.0,
            0.0,
            0.0
        ],
        "mean_regret": [
            69.5821381980204,
            69.5821381980204,
            83.8814254209974,
            83.8814254209974,
            70.67549133263947,
            70.67549133263947,
            50.35643817479831,
            50.35643817479831,
            50.35643817479831,
            50.35643817479831,
            50.35643817479831,
            50.35643817479831,
            50.35643817479831,
            50.35643817479831,
            50.35643817479831,
            50.35643817479831,
            50.35643817479831,
            50.35643817479831,
            50.35643817479831,
            50.35643817479831,
            50.35643817479831,
            50.35643817479831,
            50.35643817479831,
            50.35643817479831,
            50.35643817479831,
            50.35643817479831,
            50.35643817479831,
            50.35643817479831,
            50.35643817479831,
            50.35643817479831
        ],
        "std_regret": [
            29.508597966118888,
            29.508597966118888,
            25.255832579304556,
            25.255832579304556,
            28.735480550398396,
            28.735480550398396,
            0.0,
            0.0,
            0.0,
            0.0,
            0.0,
            0.0,
            0.0,
            0.0,
            0.0,
            0.0,
            0.0,
            0.0,
            0.0,
            0.0,
            0.0,
            0.0,
            0.0,
            0.0,
            0.0,
            0.0,
            0.0,
            0.0,
            0.0,
            0.0
        ],
        "pos_std_regret": [
            9.836199322039631,
            9.836199322039631,
            15.80383054731993,
            15.80383054731993,
            9.57849351679961,
            9.57849351679961,
            0.0,
            0.0,
            0.0,
            0.0,
            0.0,
            0.0,
            0.0,
            0.0,
            0.0,
            0.0,
            0.0,
            0.0,
            0.0,
            0.0,
            0.0,
            0.0,
            0.0,
            0.0,
            0.0,
            0.0,
            0.0,
            0.0,
            0.0,
            0.0
        ],
        "neg_std_regret": [
            19.672398644079262,
            19.672398644079262,
            11.761588299930262,
            11.761588299930262,
            19.15698703359879,
            19.15698703359879,
            0.0,
            0.0,
            0.0,
            0.0,
            0.0,
            0.0,
            0.0,
            0.0,
            0.0,
            0.0,
            0.0,
            0.0,
            0.0,
            0.0,
            0.0,
            0.0,
            0.0,
            0.0,
            0.0,
            0.0,
            0.0,
            0.0,
            0.0,
            0.0
        ],
        "params": {}
    },
    "scei": {
        "mean_raw": [
            4428.710024475274,
            4428.710024475274,
            4414.358881781369,
            4414.358881781369,
            4414.358881781369,
            4414.358881781369,
            4447.883869027568,
            4447.883869027568,
            4447.883869027568,
            4447.883869027568,
            4447.883869027568,
            4447.883869027568,
            4447.883869027568,
            4447.883869027568,
            4447.883869027568,
            4447.883869027568,
            4447.883869027568,
            4447.883869027568,
            4447.883869027568,
            4447.883869027568,
            4447.883869027568,
            4447.883869027568,
            4447.883869027568,
            4447.883869027568,
            4447.883869027568,
            4447.883869027568,
            4447.883869027568,
            4447.883869027568,
            4447.883869027568,
            4447.883869027568
        ],
        "std_raw": [
            29.545265321253826,
            29.545265321253826,
            25.255832579304556,
            25.255832579304556,
            25.255832579304556,
            25.255832579304556,
            0.0,
            0.0,
            0.0,
            0.0,
            0.0,
            0.0,
            0.0,
            0.0,
            0.0,
            0.0,
            0.0,
            0.0,
            0.0,
            0.0,
            0.0,
            0.0,
            0.0,
            0.0,
            0.0,
            0.0,
            0.0,
            0.0,
            0.0,
            0.0
        ],
        "mean_regret": [
            69.53028272709253,
            69.53028272709253,
            83.8814254209974,
            83.8814254209974,
            83.8814254209974,
            83.8814254209974,
            50.35643817479831,
            50.35643817479831,
            50.35643817479831,
            50.35643817479831,
            50.35643817479831,
            50.35643817479831,
            50.35643817479831,
            50.35643817479831,
            50.35643817479831,
            50.35643817479831,
            50.35643817479831,
            50.35643817479831,
            50.35643817479831,
            50.35643817479831,
            50.35643817479831,
            50.35643817479831,
            50.35643817479831,
            50.35643817479831,
            50.35643817479831,
            50.35643817479831,
            50.35643817479831,
            50.35643817479831,
            50.35643817479831,
            50.35643817479831
        ],
        "std_regret": [
            29.545265321253826,
            29.545265321253826,
            25.255832579304556,
            25.255832579304556,
            25.255832579304556,
            25.255832579304556,
            0.0,
            0.0,
            0.0,
            0.0,
            0.0,
            0.0,
            0.0,
            0.0,
            0.0,
            0.0,
            0.0,
            0.0,
            0.0,
            0.0,
            0.0,
            0.0,
            0.0,
            0.0,
            0.0,
            0.0,
            0.0,
            0.0,
            0.0,
            0.0
        ],