{
    "cei": {
        "mean_raw": [
            -3318.6147888232094,
            -3318.6147888232094,
            -2415.483983928269,
            -2415.483983928269,
            -362.7142919052234,
            -362.7142919052234,
            -309.97944111034565,
            -309.97944111034565,
            -299.3912380925129,
            -299.3912380925129,
            -285.70268356576423,
            -285.70268356576423,
            -174.61436901591526,
            -174.61436901591526,
            -128.58691004372469,
            -128.58691004372469,
            -127.01653967335433,
            -127.01653967335433,
            -111.04033939900592,
            -111.04033939900592,
            -111.04033939900592,
            -111.04033939900592,
            -72.63054001628981,
            -72.63054001628981,
            -72.63054001628981,
            -72.63054001628981,
            -72.63054001628981,
            -72.63054001628981,
            -55.82369845250357,
            -55.82369845250357
        ],
        "std_raw": [
            5894.8903553129085,
            5894.8903553129085,
            6015.259862190165,
            6015.259862190165,
            220.4894685443886,
            220.4894685443886,
            209.44498681608437,
            209.44498681608437,
            217.38691768863757,
            217.38691768863757,
            224.20904370770307,
            224.20904370770307,
            166.79533465333515,
            166.79533465333515,
            139.64180960663163,
            139.64180960663163,
            140.13560029717064,
            140.13560029717064,
            117.43759173908154,
            117.43759173908154,
            117.43759173908154,
            117.43759173908154,
            71.99062192680822,
            71.99062192680822,
            71.99062192680822,
            71.99062192680822,
            71.99062192680822,
            71.99062192680822,
            64.17494978928673,
            64.17494978928673
        ],
        "mean_regret": [
            3318.6147888232117,
            3318.6147888232117,
            2415.4839839282713,
            2415.4839839282713,
            362.71429190522554,
            362.71429190522554,
            309.9794411103478,
            309.9794411103478,
            299.39123809251504,
            299.39123809251504,
            285.7026835657664,
            285.7026835657664,
            174.61436901591742,
            174.61436901591742,
            128.58691004372685,
            128.58691004372685,
            127.01653967335648,
            127.01653967335648,
            111.04033939900806,
            111.04033939900806,
            111.04033939900806,
            111.04033939900806,
            72.63054001629196,
            72.63054001629196,
            72.63054001629196,
            72.63054001629196,
            72.63054001629196,
            72.63054001629196,
            55.823698452505724,
            55.823698452505724
        ],
        "std_regret": [
            5894.8903553129085,
            5894.8903553129085,
            6015.259862190165,
            6015.259862190165,
            220.4894685443886,
            220.4894685443886,
            209.44498681608437,
            209.44498681608437,
            217.38691768863757,
            217.38691768863757,
            224.20904370770307,
            224.20904370770307,
            166.79533465333515,
            166.79533465333515,
            139.64180960663163,
            139.64180960663163,
            140.13560029717064,
            140.13560029717064,
            117.43759173908154,
            117.43759173908154,
            117.43759173908154,
            117.43759173908154,
            71.99062192680822,
            71.99062192680822,
            71.99062192680822,
            71.99062192680822,
            71.99062192680822,
            71.99062192680822,
            64.17494978928673,
            64.17494978928673
        ],
        "pos_std_regret": [
            1211.6529419564315,
            1211.6529419564315,
            632.7609777251655,
            632.7609777251655,
            131.41093458512407,
            131.41093458512407,
            109.0595928936561,
            109.0595928936561,
            111.72539068554526,
            111.72539068554526,
            107.81648895095184,
            107.81648895095184,
            65.54419531603665,
            65.54419531603665,
            47.55357394502115,
            47.55357394502115,
            46.51965981794238,
            46.51965981794238,
            40.99309199460495,
            40.99309199460495,
            40.99309199460495,
            40.99309199460495,
            25.583782464228978,
            25.583782464228978,
            25.583782464228978,
            25.583782464228978,
            25.583782464228978,
            25.583782464228978,
            17.857379412498773,
            17.857379412498773
        ],
        "neg_std_regret": [
            5108.10744254728,
            5108.10744254728,
            5410.8198235547125,
            5410.8198235547125,
            128.10555540788513,
            128.10555540788513,
            131.6746960468694,
            131.6746960468694,
            135.17393498153328,
            135.17393498153328,
            139.86513626521153,
            139.86513626521153,
            112.95863951615316,
            112.95863951615316,
            103.16897879524585,
            103.16897879524585,
            103.78150209199077,
            103.78150209199077,
            87.84276137169716,
            87.84276137169716,
            87.84276137169716,
            87.84276137169716,
            52.28630159618628,
            52.28630159618628,
            52.28630159618628,
            52.28630159618628,
            52.28630159618628,
            52.28630159618628,
            51.204985786732806,
            51.204985786732806
        ],
        "params": {}
    },
    "scei": {
        "mean_raw": [
            -978.1231893103135,
            -978.1231893103135,
            -551.747995049129,
            -551.747995049129,
            -511.120313113806,
            -511.120313113806,
            -410.3502594229629,
            -410.3502594229629,
            -381.7085927562962,
            -381.7085927562962,
            -218.04806517141964,
            -218.04806517141964,
            -146.99065715020595,
            -146.99065715020595,
            -146.99065715020595,
            -146.99065715020595,
            -136.20139049639937,
            -136.20139049639937,
            -136.20139049639937,
            -136.20139049639937,
            -121.13908822016481,
            -121.13908822016481,
            -84.19143732853243,
            -84.19143732853243,
            -83.31083033264757,
            -83.31083033264757,
            -83.31083033264757,
            -83.31083033264757,
            -82.5998815800756,
            -82.5998815800756
        ],
        "std_raw": [
            917.2393513001974,
            917.2393513001974,
            616.3051177103475,
            616.3051177103475,
            625.1377373409227,
            625.1377373409227,
            443.13157551358256,
            443.13157551358256,
            459.0143091669235,
            459.0143091669235,
            225.0471116394935,
            225.0471116394935,
            139.53548398695798,
            139.53548398695798,
            139.53548398695798,
            139.53548398695798,
            137.9548825769936,
            137.9548825769936,
            137.9548825769936,
            137.9548825769936,
            130.9316687124465,
            130.9316687124465,
            101.6134272668451,
            101.6134272668451,
            102.1966790928097,
            102.1966790928097,
            102.1966790928097,
            102.1966790928097,
            102.60450822558042,
            102.60450822558042
        ],