{
    "Optimal_Min_Regret": {
        "k": 35.93813663804626,
        "alpha": 0.4,
        "value": 1.8250341017960507
    },
    "Optimal_Min_AUC": {
        "k": 35.93813663804626,
        "alpha": 0.4,
        "value": 223.12968975895654
    },
    "Regret_Variance_Alpha_Marginalized": 0.06634715196382424,
    "Regret_Variance_K_Marginalized": 22.74684362183262,
    "AUC_Variance_Alpha_Marginalized": 110.98759178970923,
    "AUC_Variance_K_Marginalized": 7074.697639015595,
    "Regret_Mean_vs_K_Conditional": {
        "0.01": 13.565259094059963,
        "0.019306977288832496": 13.578473222794068,
        "0.07196856730011521": 13.578473222794068,
        "0.2682695795279725": 15.055762534451143,
        "0.517947467923121": 7.365899739920062,
        "1.9306977288832496": 4.10521270603961,
        "3.727593720314938": 3.310636438470746,
        "13.894954943731374": 3.4396811922883197,
        "26.826957952797247": 3.5452142351719145,
        "100.0": 5.335406127565567
    },
    "Regret_Variance_vs_K_Conditional": {
        "0.01": 0.0,
        "0.019306977288832496": 0.0,
        "0.07196856730011521": 0.0,
        "0.2682695795279725": 0.0,
        "0.517947467923121": 1.4540493220770272,
        "1.9306977288832496": 0.4701980404216074,
        "3.727593720314938": 0.17109427651377065,
        "13.894954943731374": 0.8137264839611401,
        "26.826957952797247": 0.9254991803327194,
        "100.0": 3.225097145918827
    },
    "Regret_Mean_vs_Alpha_Conditional": {
        "0.0": 8.07213272270712,
        "0.13333333333333333": 8.1940953854299,
        "0.2": 8.334662360222051,
        "0.3333333333333333": 7.816487971123993,
        "0.4": 8.008481946753225,
        "0.4666666666666667": 8.487782186582908,
        "0.6": 8.31919935331429,
        "0.7333333333333333": 8.381191366869235,
        "0.8": 8.727366058420824,
        "0.8666666666666667": 8.53861916213192
    },
    "Regret_Variance_vs_Alpha_Conditional": {
        "0.0": 24.491017339202628,
        "0.13333333333333333": 24.288867276701204,
        "0.2": 23.03121167663455,
        "0.3333333333333333": 28.02327397382078,
        "0.4": 25.99166252353943,
        "0.4666666666666667": 21.698544804617278,
        "0.6": 23.694655950973715,
        "0.7333333333333333": 21.66291546902618,
        "0.8": 20.236759426044337,
        "0.8666666666666667": 20.745720707352973
    },
    "AUC_Mean_vs_K_Conditional": {
        "0.01": 462.9986543108797,
        "0.019306977288832496": 463.3091863361313,
        "0.07196856730011521": 463.3091863361313,
        "0.2682695795279725": 465.8120505491059,
        "0.517947467923121": 321.6528901066709,
        "1.9306977288832496": 258.07002439997325,
        "3.727593720314938": 277.68676495709076,
        "13.894954943731374": 284.8358543992798,
        "26.826957952797247": 300.12749309022576,
        "100.0": 356.0053878939875
    },
    "AUC_Variance_vs_K_Conditional": {
        "0.01": 3.2311742677852644e-27,
        "0.019306977288832496": 3.2311742677852644e-27,
        "0.07196856730011521": 3.2311742677852644e-27,
        "0.2682695795279725": 3.2311742677852644e-27,
        "0.517947467923121": 178.6821253375659,
        "1.9306977288832496": 68.5996569235279,
        "3.727593720314938": 683.019938531547,
        "13.894954943731374": 1151.6348591617896,
        "26.826957952797247": 1651.0807351863737,
        "100.0": 2258.182982628091
    },
    "AUC_Mean_vs_Alpha_Conditional": {
        "0.0": 372.4851404717996,
        "0.13333333333333333": 365.0835701742614,
        "0.2": 355.8788573844568,
        "0.3333333333333333": 349.8792516653737,
        "0.4": 352.41505744924837,
        "0.4666666666666667": 362.2397276582723,
        "0.6": 362.3106376108994,
        "0.7333333333333333": 371.3837197068194,
        "0.8": 378.4911792481575,
        "0.8666666666666667": 383.64035101018766
    },
    "AUC_Variance_vs_Alpha_Conditional": {
        "0.0": 6280.012251517042,
        "0.13333333333333333": 7130.8161971590625,
        "0.2": 8431.61529472741,
        "0.3333333333333333": 9131.90908103158,
        "0.4": 9164.717897546414,
        "0.4666666666666667": 7785.712895833101,
        "0.6": 7806.649394065515,
        "0.7333333333333333": 7335.889027388856,
        "0.8": 6327.676933535351,
        "0.8666666666666667": 6233.3017972234
    }
}