{
    "tckg": {
        "mean": [
            -2.0158460638386972,
            -2.4329944645344925,
            -2.9291641031124085,
            -3.2977904960576288,
            -3.51332226113531,
            -3.5319554523020065,
            -3.5411807520217264,
            -3.6280734722845813,
            -3.6514176113834202,
            -3.6639368218489636,
            -3.7002518777334217,
            -3.756327462158319,
            -3.756327462158319,
            -3.762574499297041,
            -3.7690164082970887,
            -3.785746806236687,
            -3.785746806236687,
            -3.7900333107721194,
            -3.8003383262329122,
            -3.8003383262329122
        ],
        "std": [
            1.2407236355801334,
            1.3917860492225935,
            0.9272515153281845,
            0.34295215878838453,
            0.26403890121447393,
            0.2709282753400273,
            0.27627814357013025,
            0.1716847355639714,
            0.177111602550552,
            0.18441004785601883,
            0.14196649739406636,
            0.060357132996344987,
            0.060357132996344987,
            0.05528328712341175,
            0.055530576342062404,
            0.045599313717359514,
            0.045599313717359514,
            0.04561741997015378,
            0.0324559664337364,
            0.0324559664337364
        ],
        "time_seconds": 64432.26985287666
    },
    "cei": {
        "mean": [
            -2.5680814202009854,
            -3.0435838527295838,
            -3.4415074084593287,
            -3.6124963437282047,
            -3.692360775996255,
            -3.698885681777643,
            -3.7315311995489653,
            -3.7417477550565095,
            -3.7417477550565095,
            -3.7652421068641173,
            -3.7652421068641173,
            -3.788407120261796,
            -3.788407120261796,
            -3.788407120261796,
            -3.788407120261796,
            -3.788407120261796,
            -3.7914551714993365,
            -3.804197320503115,
            -3.804197320503115,
            -3.804197320503115
        ],
        "std": [
            1.1370658943356937,
            0.7499327742591905,
            0.4450092004864583,
            0.13523349607394247,
            0.13697670144074423,
            0.12990831174235834,
            0.09615601325823257,
            0.08464355799654705,
            0.08464355799654705,
            0.045645179388084704,
            0.045645179388084704,
            0.043687903487450115,
            0.043687903487450115,
            0.043687903487450115,
            0.043687903487450115,
            0.043687903487450115,
            0.03941931429125923,
            0.025286518478035442,
            0.025286518478035442,
            0.025286518478035442
        ],
        "time_seconds": 20.397502899169922
    },
    "random": {
        "mean": [
            -1.788063379779879,
            -1.788063379779879,
            -1.788063379779879,
            -1.788063379779879,
            -2.040799782047386,
            -2.366981541679668,
            -2.366981541679668,
            -2.366981541679668,
            -2.366981541679668,
            -2.366981541679668,
            -2.366981541679668,
            -2.4031671272843207,
            -2.4031671272843207,
            -2.4031671272843207,
            -2.6853039455569427,
            -2.6853039455569427,
            -2.799052186347864,
            -2.8725478043058654,
            -2.8725478043058654,
            -2.990056862452245
        ],
        "std": [
            1.231267667585325,
            1.231267667585325,
            1.231267667585325,
            1.231267667585325,
            1.1049138444174715,
            1.0521727140173691,
            1.0521727140173691,
            1.0521727140173691,
            1.0521727140173691,
            1.0521727140173691,
            1.0521727140173691,
            1.035212635795175,
            1.035212635795175,
            1.035212635795175,
            0.9372132207020611,
            0.9372132207020611,
            0.8718183200714432,
            0.8381651376171104,
            0.8381651376171104,
            0.5426017576862615
        ],
        "time_seconds": 12.064998149871826
    }
}