{
    "cei": {
        "mean_raw": [
            -4696.468525346399,
            -4696.468525346399,
            -4372.410524726978,
            -4372.410524726978,
            -361.2907900159615,
            -361.2907900159615,
            -258.18914398176145,
            -258.18914398176145,
            -237.01273794609602,
            -237.01273794609602,
            -237.01273794609602,
            -237.01273794609602,
            -147.54619237853763,
            -147.54619237853763,
            -55.49127443415646,
            -55.49127443415646,
            -52.35053369341576,
            -52.35053369341576,
            -52.01788623113869,
            -52.01788623113869,
            -52.01788623113869,
            -52.01788623113869,
            -52.01788623113869,
            -52.01788623113869,
            -52.01788623113869,
            -52.01788623113869,
            -52.01788623113869,
            -52.01788623113869,
            -52.01788623113869,
            -52.01788623113869
        ],
        "std_raw": [
            7891.664754048312,
            7891.664754048312,
            8042.02399659466,
            8042.02399659466,
            199.419740094673,
            199.419740094673,
            158.2379575225559,
            158.2379575225559,
            171.46808843853324,
            171.46808843853324,
            171.46808843853324,
            171.46808843853324,
            165.14877331333327,
            165.14877331333327,
            37.57457206280746,
            37.57457206280746,
            34.98671774990427,
            34.98671774990427,
            35.37591803810512,
            35.37591803810512,
            35.37591803810512,
            35.37591803810512,
            35.37591803810512,
            35.37591803810512,
            35.37591803810512,
            35.37591803810512,
            35.37591803810512,
            35.37591803810512,
            35.37591803810512,
            35.37591803810512
        ],
        "mean_regret": [
            4696.4685253464,
            4696.4685253464,
            4372.41052472698,
            4372.41052472698,
            361.29079001596295,
            361.29079001596295,
            258.1891439817629,
            258.1891439817629,
            237.01273794609747,
            237.01273794609747,
            237.01273794609747,
            237.01273794609747,
            147.54619237853908,
            147.54619237853908,
            55.491274434157916,
            55.491274434157916,
            52.35053369341722,
            52.35053369341722,
            52.017886231140146,
            52.017886231140146,
            52.017886231140146,
            52.017886231140146,
            52.017886231140146,
            52.017886231140146,
            52.017886231140146,
            52.017886231140146,
            52.017886231140146,
            52.017886231140146,
            52.017886231140146,
            52.017886231140146
        ],
        "std_regret": [
            7891.664754048312,
            7891.664754048312,
            8042.02399659466,
            8042.02399659466,
            199.419740094673,
            199.419740094673,
            158.2379575225559,
            158.2379575225559,
            171.46808843853324,
            171.46808843853324,
            171.46808843853324,
            171.46808843853324,
            165.14877331333327,
            165.14877331333327,
            37.57457206280746,
            37.57457206280746,
            34.98671774990427,
            34.98671774990427,
            35.37591803810512,
            35.37591803810512,
            35.37591803810512,
            35.37591803810512,
            35.37591803810512,
            35.37591803810512,
            35.37591803810512,
            35.37591803810512,
            35.37591803810512,
            35.37591803810512,
            35.37591803810512,
            35.37591803810512
        ],
        "pos_std_regret": [
            1644.6732114757951,
            1644.6732114757951,
            1620.1404803888483,
            1620.1404803888483,
            129.2271879472235,
            129.2271879472235,
            84.50948058208928,
            84.50948058208928,
            84.15480715165056,
            84.15480715165056,
            84.15480715165056,
            84.15480715165056,
            44.60174588826668,
            44.60174588826668,
            16.732192652348427,
            16.732192652348427,
            15.417348952821976,
            15.417348952821976,
            15.81851557970411,
            15.81851557970411,
            15.81851557970411,
            15.81851557970411,
            15.81851557970411,
            15.81851557970411,
            15.81851557970411,
            15.81851557970411,
            15.81851557970411,
            15.81851557970411,
            15.81851557970411,
            15.81851557970411
        ],
        "neg_std_regret": [
            6302.032614839031,
            6302.032614839031,
            6431.655815086799,
            6431.655815086799,
            98.91435166597469,
            98.91435166597469,
            89.45337666932704,
            89.45337666932704,
            99.48364608096864,
            99.48364608096864,
            99.48364608096864,
            99.48364608096864,
            129.83271696203855,
            129.83271696203855,
            22.374350336150446,
            22.374350336150446,
            21.952676261951254,
            21.952676261951254,
            22.0971978849914,
            22.0971978849914,
            22.0971978849914,
            22.0971978849914,
            22.0971978849914,
            22.0971978849914,
            22.0971978849914,
            22.0971978849914,
            22.0971978849914,
            22.0971978849914,
            22.0971978849914,
            22.0971978849914
        ]
    },
    "scei": {
        "mean_raw": [
            -712.4852307156918,
            -712.4852307156918,
            -338.9365761610866,
            -338.9365761610866,
            -223.59884282498342,
            -223.59884282498342,
            -222.58498263888913,
            -222.58498263888913,
            -222.58498263888913,
            -222.58498263888913,
            -188.91200595850495,
            -188.91200595850495,
            -171.71687564300447,
            -171.71687564300447,
            -156.04456661522673,
            -156.04456661522673,
            -156.04456661522673,
            -156.04456661522673,
            -43.52011638374538,
            -43.52011638374538,
            -43.52011638374538,
            -43.52011638374538,
            -41.42625492969859,
            -41.42625492969859,
            -41.42625492969859,
            -41.42625492969859,
            -41.42625492969859,
            -41.42625492969859,
            -41.42625492969859,
            -41.42625492969859
        ],
        "std_raw": [
            501.1354348931782,
            501.1354348931782,
            194.0777270221018,
            194.0777270221018,
            159.0069891651958,
            159.0069891651958,
            158.61318061136743,
            158.61318061136743,
            158.61318061136743,
            158.61318061136743,
            161.75190627352686,
            161.75190627352686,
            173.7120976742871,
            173.7120976742871,
            148.47474219165542,
            148.47474219165542,
            148.47474219165542,
            148.47474219165542,
            19.195181291517198,
            19.195181291517198,
            19.195181291517198,
            19.195181291517198,
            21.94825918784142,
            21.94825918784142,
            21.94825918784142,
            21.94825918784142,
            21.94825918784142,
            21.94825918784142,
            21.94825918784142,
            21.94825918784142
        ],