{
    "cei": {
        "mean_raw": [
            -3318.6147888232094,
            -3318.6147888232094,
            -2415.483983928269,
            -2415.483983928269,
            -362.7142919052234,
            -362.7142919052234,
            -309.97944111034565,
            -309.97944111034565,
            -299.3912380925129,
            -299.3912380925129,
            -285.70268356576423,
            -285.70268356576423,
            -174.61436901591526,
            -174.61436901591526,
            -128.58691004372469,
            -128.58691004372469,
            -127.01653967335433,
            -127.01653967335433,
            -111.04033939900592,
            -111.04033939900592,
            -111.04033939900592,
            -111.04033939900592,
            -72.63054001628981,
            -72.63054001628981,
            -72.63054001628981,
            -72.63054001628981,
            -72.63054001628981,
            -72.63054001628981,
            -55.82369845250357,
            -55.82369845250357
        ],
        "std_raw": [
            5894.8903553129085,
            5894.8903553129085,
            6015.259862190165,
            6015.259862190165,
            220.4894685443886,
            220.4894685443886,
            209.44498681608437,
            209.44498681608437,
            217.38691768863757,
            217.38691768863757,
            224.20904370770307,
            224.20904370770307,
            166.79533465333515,
            166.79533465333515,
            139.64180960663163,
            139.64180960663163,
            140.13560029717064,
            140.13560029717064,
            117.43759173908154,
            117.43759173908154,
            117.43759173908154,
            117.43759173908154,
            71.99062192680822,
            71.99062192680822,
            71.99062192680822,
            71.99062192680822,
            71.99062192680822,
            71.99062192680822,
            64.17494978928673,
            64.17494978928673
        ],
        "mean_regret": [
            3318.614788823211,
            3318.614788823211,
            2415.4839839282704,
            2415.4839839282704,
            362.71429190522474,
            362.71429190522474,
            309.979441110347,
            309.979441110347,
            299.39123809251424,
            299.39123809251424,
            285.7026835657656,
            285.7026835657656,
            174.61436901591662,
            174.61436901591662,
            128.58691004372605,
            128.58691004372605,
            127.01653967335571,
            127.01653967335571,
            111.0403393990073,
            111.0403393990073,
            111.0403393990073,
            111.0403393990073,
            72.63054001629119,
            72.63054001629119,
            72.63054001629119,
            72.63054001629119,
            72.63054001629119,
            72.63054001629119,
            55.82369845250494,
            55.82369845250494
        ],
        "std_regret": [
            5894.8903553129085,
            5894.8903553129085,
            6015.259862190165,
            6015.259862190165,
            220.4894685443886,
            220.4894685443886,
            209.44498681608437,
            209.44498681608437,
            217.38691768863757,
            217.38691768863757,
            224.20904370770307,
            224.20904370770307,
            166.79533465333515,
            166.79533465333515,
            139.64180960663163,
            139.64180960663163,
            140.13560029717064,
            140.13560029717064,
            117.43759173908154,
            117.43759173908154,
            117.43759173908154,
            117.43759173908154,
            71.99062192680822,
            71.99062192680822,
            71.99062192680822,
            71.99062192680822,
            71.99062192680822,
            71.99062192680822,
            64.17494978928673,
            64.17494978928673
        ],
        "pos_std_regret": [
            1211.6529419564315,
            1211.6529419564315,
            632.7609777251655,
            632.7609777251655,
            131.41093458512407,
            131.41093458512407,
            109.0595928936561,
            109.0595928936561,
            111.72539068554526,
            111.72539068554526,
            107.81648895095184,
            107.81648895095184,
            65.54419531603665,
            65.54419531603665,
            47.55357394502115,
            47.55357394502115,
            46.51965981794238,
            46.51965981794238,
            40.99309199460495,
            40.99309199460495,
            40.99309199460495,
            40.99309199460495,
            25.583782464228978,
            25.583782464228978,
            25.583782464228978,
            25.583782464228978,
            25.583782464228978,
            25.583782464228978,
            17.857379412498773,
            17.857379412498773
        ],
        "neg_std_regret": [
            5108.10744254728,
            5108.10744254728,
            5410.8198235547125,
            5410.8198235547125,
            128.10555540788513,
            128.10555540788513,
            131.6746960468694,
            131.6746960468694,
            135.17393498153328,
            135.17393498153328,
            139.86513626521153,
            139.86513626521153,
            112.95863951615316,
            112.95863951615316,
            103.16897879524585,
            103.16897879524585,
            103.78150209199077,
            103.78150209199077,
            87.84276137169716,
            87.84276137169716,
            87.84276137169716,
            87.84276137169716,
            52.28630159618628,
            52.28630159618628,
            52.28630159618628,
            52.28630159618628,
            52.28630159618628,
            52.28630159618628,
            51.204985786732806,
            51.204985786732806
        ],
        "params": {}
    },
    "scei": {
        "mean_raw": [
            -3288.604114954897,
            -3288.604114954897,
            -2865.1647569205643,
            -2865.1647569205643,
            -2373.0935603023986,
            -2373.0935603023986,
            -365.16563739133454,
            -365.16563739133454,
            -347.209227320505,
            -347.209227320505,
            -347.209227320505,
            -347.209227320505,
            -295.51761263000435,
            -295.51761263000435,
            -239.96129501931608,
            -239.96129501931608,
            -204.58710038197034,
            -204.58710038197034,
            -172.9673472955506,
            -172.9673472955506,
            -161.02962438745726,
            -161.02962438745726,
            -143.28513761190862,
            -143.28513761190862,
            -80.80456265003437,
            -80.80456265003437,
            -66.11341842421146,
            -66.11341842421146,
            -66.11341842421146,
            -66.11341842421146
        ],
        "std_raw": [
            5910.818300241059,
            5910.818300241059,
            6035.734056804803,
            6035.734056804803,
            6029.926731600737,
            6029.926731600737,
            213.26981719110836,
            213.26981719110836,
            197.77719216133139,
            197.77719216133139,
            197.77719216133139,
            197.77719216133139,
            221.7447660078589,
            221.7447660078589,
            149.80108367228306,
            149.80108367228306,
            170.92170076185528,
            170.92170076185528,
            147.85280906236244,
            147.85280906236244,
            147.90727912101252,
            147.90727912101252,
            145.60565691166423,
            145.60565691166423,
            107.24234500819132,
            107.24234500819132,
            104.37429887215447,
            104.37429887215447,
            104.37429887215447,
            104.37429887215447
        ],