{
    "cei": {
        "mean_raw": [
            -52.690736055342306,
            -52.690736055342306,
            -52.690736055342306,
            -52.690736055342306,
            -12.003011147587571,
            -12.003011147587571,
            -11.355308993819456,
            -11.355308993819456,
            -3.5438600360376187,
            -3.5438600360376187,
            -3.0510706630512128,
            -3.0510706630512128,
            -3.0510706630512128,
            -3.0510706630512128,
            -3.0510706630512128,
            -3.0510706630512128,
            -1.0318249931509542,
            -1.0318249931509542,
            -0.04627652415469086,
            -0.04627652415469086,
            -0.04627652415469086,
            -0.04627652415469086,
            -0.04627652415469086,
            -0.04627652415469086,
            -0.04627652415469086,
            -0.04627652415469086,
            -0.04627652415469086,
            -0.04627652415469086,
            -0.04627652415469086,
            -0.04627652415469086
        ],
        "std_raw": [
            30.68205021624876,
            30.68205021624876,
            30.68205021624876,
            30.68205021624876,
            10.005674691505973,
            10.005674691505973,
            10.653376845274089,
            10.653376845274089,
            3.4975835118829277,
            3.4975835118829277,
            3.004794138896522,
            3.004794138896522,
            3.004794138896522,
            3.004794138896522,
            3.004794138896522,
            3.004794138896522,
            0.9855484689962634,
            0.9855484689962634,
            0.0,
            0.0,
            0.0,
            0.0,
            0.0,
            0.0,
            0.0,
            0.0,
            0.0,
            0.0,
            0.0,
            0.0
        ],
        "mean_regret": [
            52.69091228575675,
            52.69091228575675,
            52.69091228575675,
            52.69091228575675,
            12.003187378002018,
            12.003187378002018,
            11.355485224233902,
            11.355485224233902,
            3.544036266452066,
            3.544036266452066,
            3.05124689346566,
            3.05124689346566,
            3.05124689346566,
            3.05124689346566,
            3.05124689346566,
            3.05124689346566,
            1.0320012235654015,
            1.0320012235654015,
            0.046452754569138,
            0.046452754569138,
            0.046452754569138,
            0.046452754569138,
            0.046452754569138,
            0.046452754569138,
            0.046452754569138,
            0.046452754569138,
            0.046452754569138,
            0.046452754569138,
            0.046452754569138,
            0.046452754569138
        ],
        "std_regret": [
            30.68205021624876,
            30.68205021624876,
            30.68205021624876,
            30.68205021624876,
            10.005674691505973,
            10.005674691505973,
            10.653376845274089,
            10.653376845274089,
            3.4975835118829277,
            3.4975835118829277,
            3.004794138896522,
            3.004794138896522,
            3.004794138896522,
            3.004794138896522,
            3.004794138896522,
            3.004794138896522,
            0.9855484689962634,
            0.9855484689962634,
            0.0,
            0.0,
            0.0,
            0.0,
            0.0,
            0.0,
            0.0,
            0.0,
            0.0,
            0.0,
            0.0,
            0.0
        ],
        "pos_std_regret": [
            15.34102510812438,
            15.34102510812438,
            15.34102510812438,
            15.34102510812438,
            5.002837345752987,
            5.002837345752987,
            5.326688422637044,
            5.326688422637044,
            1.7487917559414639,
            1.7487917559414639,
            1.502397069448261,
            1.502397069448261,
            1.502397069448261,
            1.502397069448261,
            1.502397069448261,
            1.502397069448261,
            0.4927742344981317,
            0.4927742344981317,
            0.0,
            0.0,
            0.0,
            0.0,
            0.0,
            0.0,
            0.0,
            0.0,
            0.0,
            0.0,
            0.0,
            0.0
        ],
        "neg_std_regret": [
            15.34102510812438,
            15.34102510812438,
            15.34102510812438,
            15.34102510812438,
            5.002837345752987,
            5.002837345752987,
            5.326688422637044,
            5.326688422637044,
            1.7487917559414639,
            1.7487917559414639,
            1.502397069448261,
            1.502397069448261,
            1.502397069448261,
            1.502397069448261,
            1.502397069448261,
            1.502397069448261,
            0.4927742344981316,
            0.4927742344981316,
            0.0,
            0.0,
            0.0,
            0.0,
            0.0,
            0.0,
            0.0,
            0.0,
            0.0,
            0.0,
            0.0,
            0.0
        ]
    },
    "random": {
        "mean_raw": [
            -52.690736055342306,
            -52.690736055342306,
            -52.690736055342306,
            -52.690736055342306,
            -12.003011147587571,
            -12.003011147587571,
            -11.355308993819456,
            -11.355308993819456,
            -3.5438600360376187,
            -3.5438600360376187,
            -3.0510706630512128,
            -3.0510706630512128,
            -3.0510706630512128,
            -3.0510706630512128,
            -3.0510706630512128,
            -3.0510706630512128,
            -1.0318249931509542,
            -1.0318249931509542,
            -0.04627652415469086,
            -0.04627652415469086,
            -0.04627652415469086,
            -0.04627652415469086,
            -0.04627652415469086,
            -0.04627652415469086,
            -0.04627652415469086,
            -0.04627652415469086,
            -0.04627652415469086,
            -0.04627652415469086,
            -0.04627652415469086,
            -0.04627652415469086
        ],
        "std_raw": [
            30.68205021624876,
            30.68205021624876,
            30.68205021624876,
            30.68205021624876,
            10.005674691505973,
            10.005674691505973,
            10.653376845274089,
            10.653376845274089,
            3.4975835118829277,
            3.4975835118829277,
            3.004794138896522,
            3.004794138896522,
            3.004794138896522,
            3.004794138896522,
            3.004794138896522,
            3.004794138896522,
            0.9855484689962634,
            0.9855484689962634,
            0.0,
            0.0,
            0.0,
            0.0,
            0.0,
            0.0,
            0.0,
            0.0,
            0.0,
            0.0,
            0.0,
            0.0
        ],