{
    "cei": {
        "mean_raw": [
            -42.02674520609713,
            -42.02674520609713,
            -42.02674520609713,
            -42.02674520609713,
            -8.714953356037064,
            -8.714953356037064,
            -8.283151920191655,
            -8.283151920191655,
            -2.377998865409976,
            -2.377998865409976,
            -2.049472616752372,
            -2.049472616752372,
            -2.049472616752372,
            -2.049472616752372,
            -2.049472616752372,
            -2.049472616752372,
            -0.7033088368188665,
            -0.7033088368188665,
            -0.04627652415469086,
            -0.04627652415469086,
            -0.04627652415469086,
            -0.04627652415469086,
            -0.04627652415469086,
            -0.04627652415469086,
            -0.04627652415469086,
            -0.04627652415469086,
            -0.04627652415469086,
            -0.04627652415469086,
            -0.04627652415469086,
            -0.04627652415469086
        ],
        "std_raw": [
            29.24095652756894,
            29.24095652756894,
            29.24095652756894,
            29.24095652756894,
            9.400265888224338,
            9.400265888224338,
            9.7231299988754,
            9.7231299988754,
            3.2975533586915704,
            3.2975533586915704,
            2.832947082244431,
            2.832947082244431,
            2.832947082244431,
            2.832947082244431,
            2.832947082244431,
            2.832947082244431,
            0.9291840074870369,
            0.9291840074870369,
            0.0,
            0.0,
            0.0,
            0.0,
            0.0,
            0.0,
            0.0,
            0.0,
            0.0,
            0.0,
            0.0,
            0.0
        ],
        "mean_regret": [
            42.02692118574957,
            42.02692118574957,
            42.02692118574957,
            42.02692118574957,
            8.7151293356895,
            8.7151293356895,
            8.28332789984409,
            8.28332789984409,
            2.378174845062413,
            2.378174845062413,
            2.049648596404809,
            2.049648596404809,
            2.049648596404809,
            2.049648596404809,
            2.049648596404809,
            2.049648596404809,
            0.7034848164713033,
            0.7034848164713033,
            0.04645250380712773,
            0.04645250380712773,
            0.04645250380712773,
            0.04645250380712773,
            0.04645250380712773,
            0.04645250380712773,
            0.04645250380712773,
            0.04645250380712773,
            0.04645250380712773,
            0.04645250380712773,
            0.04645250380712773,
            0.04645250380712773
        ],
        "std_regret": [
            29.24095652756894,
            29.24095652756894,
            29.24095652756894,
            29.24095652756894,
            9.400265888224338,
            9.400265888224338,
            9.7231299988754,
            9.7231299988754,
            3.2975533586915704,
            3.2975533586915704,
            2.832947082244431,
            2.832947082244431,
            2.832947082244431,
            2.832947082244431,
            2.832947082244431,
            2.832947082244431,
            0.9291840074870369,
            0.9291840074870369,
            0.0,
            0.0,
            0.0,
            0.0,
            0.0,
            0.0,
            0.0,
            0.0,
            0.0,
            0.0,
            0.0,
            0.0
        ],
        "pos_std_regret": [
            9.760017080281886,
            9.760017080281886,
            9.760017080281886,
            9.760017080281886,
            3.133895261660848,
            3.133895261660848,
            3.287893404252968,
            3.287893404252968,
            1.0991844528971901,
            1.0991844528971901,
            0.944315694081477,
            0.944315694081477,
            0.944315694081477,
            0.944315694081477,
            0.944315694081477,
            0.944315694081477,
            0.30972800249567894,
            0.30972800249567894,
            0.0,
            0.0,
            0.0,
            0.0,
            0.0,
            0.0,
            0.0,
            0.0,
            0.0,
            0.0,
            0.0,
            0.0
        ],
        "neg_std_regret": [
            19.490710675085484,
            19.490710675085484,
            19.490710675085484,
            19.490710675085484,
            6.266725590699411,
            6.266725590699411,
            6.470278739640997,
            6.470278739640997,
            2.1983689057943807,
            2.1983689057943807,
            1.8886313881629544,
            1.8886313881629544,
            1.8886313881629544,
            1.8886313881629544,
            1.8886313881629544,
            1.8886313881629544,
            0.6194560049913579,
            0.6194560049913579,
            0.0,
            0.0,
            0.0,
            0.0,
            0.0,
            0.0,
            0.0,
            0.0,
            0.0,
            0.0,
            0.0,
            0.0
        ]
    },
    "scei": {
        "mean_raw": [
            -42.44023513911976,
            -42.44023513911976,
            -42.44023513911976,
            -42.44023513911976,
            -42.44023513911976,
            -42.44023513911976,
            -42.44023513911976,
            -42.44023513911976,
            -14.664731889974297,
            -14.664731889974297,
            -14.664731889974297,
            -14.664731889974297,
            -14.008271001839498,
            -14.008271001839498,
            -14.008271001839498,
            -14.008271001839498,
            -14.008271001839498,
            -14.008271001839498,
            -14.008271001839498,
            -14.008271001839498,
            -14.008271001839498,
            -14.008271001839498,
            -14.008271001839498,
            -14.008271001839498,
            -14.008271001839498,
            -14.008271001839498,
            -14.008271001839498,
            -14.008271001839498,
            -14.008271001839498,
            -14.008271001839498
        ],
        "std_raw": [
            28.943698365077083,
            28.943698365077083,
            28.943698365077083,
            28.943698365077083,
            28.943698365077083,
            28.943698365077083,
            28.943698365077083,
            28.943698365077083,
            10.336847806928693,
            10.336847806928693,
            10.336847806928693,
            10.336847806928693,
            9.90764619157437,
            9.90764619157437,
            9.90764619157437,
            9.90764619157437,
            9.90764619157437,
            9.90764619157437,
            9.90764619157437,
            9.90764619157437,
            9.90764619157437,
            9.90764619157437,
            9.90764619157437,
            9.90764619157437,
            9.90764619157437,
            9.90764619157437,
            9.90764619157437,
            9.90764619157437,
            9.90764619157437,
            9.90764619157437
        ],